{
  "queries/parsed/interactive-complex-8.sparql.json": {
    "v0": {
      "timeout": 60000
    },
    "v1": {
      "timeout": 60000
    },
    "v2": {
      "timeout": 60000
    },
    "v3": {
      "timeout": 60000
    },
    "v4": {
      "timeout": 60000
    }
  },
  "queries/parsed/interactive-discover-1.sparql.json": {
    "v0": {
      "n_results": 6,
      "n_http_requests": 76,
      "execution_time": {
        "average": 1309.2857142857142,
        "min": 1251,
        "max": 1517,
        "std": 48.47006229390994
      }
    },
    "v1": {
      "n_results": 4,
      "n_http_requests": 7,
      "execution_time": {
        "average": 138,
        "min": 128,
        "max": 154,
        "std": 5.074948476666174
      }
    },
    "v2": {
      "n_results": 1,
      "n_http_requests": 7,
      "execution_time": {
        "average": 121.24489795918367,
        "min": 112,
        "max": 135,
        "std": 4.812952813554902
      }
    },
    "v3": {
      "n_results": 14,
      "n_http_requests": 22,
      "execution_time": {
        "average": 248.9795918367347,
        "min": 229,
        "max": 287,
        "std": 10.710456069708602
      }
    },
    "v4": {
      "n_results": 8,
      "n_http_requests": 64,
      "execution_time": {
        "average": 1216.061224489796,
        "min": 1152,
        "max": 1269,
        "std": 26.77145004059614
      }
    }
  },
  "queries/parsed/interactive-discover-3.sparql.json": {
    "v0": {
      "n_results": 71,
      "n_http_requests": 242,
      "execution_time": {
        "average": 1169.9591836734694,
        "min": 1120,
        "max": 1298,
        "std": 40.18374084010893
      }
    },
    "v1": {
      "n_results": 67,
      "n_http_requests": 136,
      "execution_time": {
        "average": 547.1020408163265,
        "min": 481,
        "max": 594,
        "std": 20.8974609315603
      }
    },
    "v2": {
      "n_results": 55,
      "n_http_requests": 92,
      "execution_time": {
        "average": 426.38775510204084,
        "min": 408,
        "max": 458,
        "std": 10.771876319853895
      }
    },
    "v3": {
      "n_results": 203,
      "n_http_requests": 413,
      "execution_time": {
        "average": 1513.7755102040817,
        "min": 1415,
        "max": 1626,
        "std": 48.305264557016606
      }
    },
    "v4": {
      "n_results": 142,
      "n_http_requests": 262,
      "execution_time": {
        "average": 1340.7755102040817,
        "min": 1237,
        "max": 1388,
        "std": 33.61745495722298
      }
    }
  },
  "queries/parsed/interactive-discover-4.sparql.json": {
    "v0": {
      "n_results": 5,
      "n_http_requests": 51,
      "execution_time": {
        "average": 426.53061224489795,
        "min": 402,
        "max": 468,
        "std": 13.620365964720305
      }
    },
    "v1": {
      "n_results": 3,
      "n_http_requests": 10,
      "execution_time": {
        "average": 291.0408163265306,
        "min": 265,
        "max": 352,
        "std": 14.424977181283506
      }
    },
    "v2": {
      "n_results": 3,
      "n_http_requests": 10,
      "execution_time": {
        "average": 240.81632653061226,
        "min": 231,
        "max": 265,
        "std": 7.1561974550613625
      }
    },
    "v3": {
      "n_results": 3,
      "n_http_requests": 194,
      "execution_time": {
        "average": 1034.5102040816328,
        "min": 997,
        "max": 1091,
        "std": 20.31700047058168
      }
    },
    "v4": {
      "n_results": 7,
      "n_http_requests": 60,
      "execution_time": {
        "average": 527.3877551020408,
        "min": 498,
        "max": 557,
        "std": 15.068302081306122
      }
    }
  },
  "queries/parsed/interactive-discover-5.sparql.json": {
    "v0": {
      "n_results": 15,
      "n_http_requests": 116,
      "execution_time": {
        "average": 707.0204081632653,
        "min": 670,
        "max": 753,
        "std": 18.088771797430724
      }
    },
    "v1": {
      "n_results": 3,
      "n_http_requests": 8,
      "execution_time": {
        "average": 150.87755102040816,
        "min": 136,
        "max": 168,
        "std": 7.014948042809389
      }
    },
    "v2": {
      "n_results": 3,
      "n_http_requests": 8,
      "execution_time": {
        "average": 135.6734693877551,
        "min": 124,
        "max": 152,
        "std": 7.2235096763956275
      }
    },
    "v3": {
      "n_results": 4,
      "n_http_requests": 207,
      "execution_time": {
        "average": 702.8775510204082,
        "min": 661,
        "max": 747,
        "std": 15.985494257468558
      }
    },
    "v4": {
      "n_results": 20,
      "n_http_requests": 111,
      "execution_time": {
        "average": 698.1224489795918,
        "min": 664,
        "max": 794,
        "std": 23.540354108498867
      }
    }
  },
  "queries/parsed/interactive-discover-6.sparql.json": {
    "v0": {
      "timeout": 60000
    },
    "v1": {
      "n_results": 1,
      "n_http_requests": 9,
      "execution_time": {
        "average": 287.0204081632653,
        "min": 266,
        "max": 327,
        "std": 11.93432674831067
      }
    },
    "v2": {
      "n_results": 1,
      "n_http_requests": 9,
      "execution_time": {
        "average": 217.26530612244898,
        "min": 202,
        "max": 242,
        "std": 8.812735474240792
      }
    },
    "v3": {
      "timeout": 60000
    },
    "v4": {
      "n_results": 27,
      "n_http_requests": 112,
      "execution_time": {
        "average": 2255.469387755102,
        "min": 2165,
        "max": 2407,
        "std": 40.10857816580262
      }
    }
  },
  "queries/parsed/interactive-discover-7.sparql.json": {
    "v0": {
      "timeout": 60000
    },
    "v1": {
      "n_results": 1,
      "n_http_requests": 9,
      "execution_time": {
        "average": 275.3061224489796,
        "min": 250,
        "max": 314,
        "std": 10.823640191978594
      }
    },
    "v2": {
      "n_results": 1,
      "n_http_requests": 9,
      "execution_time": {
        "average": 215.69387755102042,
        "min": 201,
        "max": 242,
        "std": 8.933322351169481
      }
    },
    "v3": {
      "timeout": 60000
    },
    "v4": {
      "n_results": 1,
      "n_http_requests": 112,
      "execution_time": {
        "average": 1911.265306122449,
        "min": 1802,
        "max": 2104,
        "std": 49.54889381174431
      }
    }
  },
  "queries/parsed/interactive-short-1.sparql.json": {
    "v0": {
      "n_results": 1,
      "n_http_requests": 7,
      "execution_time": {
        "average": 138.28571428571428,
        "min": 129,
        "max": 169,
        "std": 7.137140569598169
      }
    },
    "v1": {
      "n_results": 1,
      "n_http_requests": 7,
      "execution_time": {
        "average": 138.57142857142858,
        "min": 128,
        "max": 153,
        "std": 5.41728149310244
      }
    },
    "v2": {
      "n_results": 1,
      "n_http_requests": 7,
      "execution_time": {
        "average": 135.89795918367346,
        "min": 124,
        "max": 159,
        "std": 6.572189080090168
      }
    },
    "v3": {
      "n_results": 1,
      "n_http_requests": 7,
      "execution_time": {
        "average": 139.20408163265307,
        "min": 125,
        "max": 160,
        "std": 6.395086097732988
      }
    },
    "v4": {
      "n_results": 1,
      "n_http_requests": 7,
      "execution_time": {
        "average": 139.30612244897958,
        "min": 127,
        "max": 154,
        "std": 6.370224362923636
      }
    }
  },
  "queries/parsed/interactive-short-5.sparql.json": {
    "v0": {
      "n_results": 1,
      "n_http_requests": 32,
      "execution_time": {
        "average": 368.42857142857144,
        "min": 341,
        "max": 393,
        "std": 14.062542516942532
      }
    },
    "v1": {
      "n_results": 1,
      "n_http_requests": 12,
      "execution_time": {
        "average": 333.3265306122449,
        "min": 319,